{
    "BACKPACK": 0.39385589957237244,
    "BAG": 0.08485045284032822,
    "BLOUSE": 0.6649632453918457,
    "COOKER_HOOD": 0.9983696341514587,
    "DISHWASHER": 0.9584099650382996,
    "DRESS": 0.05452856793999672,
    "DRYER": 0.9996744394302368,
    "FREEZER": 0.99903404712677,
    "FRIDGE": 0.8957326412200928,
    "HEADPHONES": 0.9661881923675537,
    "HEADSET": 0.4419524073600769,
    "JACKET": 0.15717045962810516,
    "JEANS": 0.8856167793273926,
    "LAPTOP": 0.007282175589352846,
    "LINEN": 0.012997452169656754,
    "NIGHTWEAR": 0.9275150895118713,
    "OVEN": 0.9972878694534302,
    "OVERALL": 0.8691548705101013,
    "PANTS": 0.7747946381568909,
    "PRINTER": 0.9908298254013062,
    "SHIRT": 0.7784591317176819,
    "SHOES": 0.0036200706381350756,
    "SHORTS": 0.8595741391181946,
    "SKIRT": 0.041773296892642975,
    "SMARTPHONE": 0.9482371211051941,
    "SMARTWATCH": 0.9711889624595642,
    "SNEAKERS": 0.37452811002731323,
    "SOCKS": 0.9000635147094727,
    "STOVE": 0.8984147310256958,
    "SUIT": 0.9904329776763916,
    "SWEATER": 0.005315404385328293,
    "SWIMWEAR": 0.8648532032966614,
    "TABLET": 0.9511388540267944,
    "TOP": 0.04338454455137253,
    "TOWEL": 0.9971539974212646,
    "TRACKSUIT": 0.9939077496528625,
    "TSHIRT": 0.8690356016159058,
    "TV": 0.9891714453697205,
    "UNDERWEAR": 0.5815368890762329,
    "WASHER": 0.9992246627807617
}