{
  "zalando": {
    "zalando": {
      "PANTS": 0.9996374845504761,
      "SHOES": 0.9979597330093384,
      "SKIRT": 0.9997050166130066,
      "SHORTS": 0.9986805319786072,
      "JACKET": 0.99857497215271,
      "TRACKSUIT": 0.9948284029960632,
      "BACKPACK": 0.9999797344207764,
      "BLOUSE": 0.9995675683021545,
      "TSHIRT": 0.997147262096405,
      "TOP": 0.9987653493881226,
      "JEANS": 0.9999788999557495,
      "BAG": 0.9998763799667358,
      "SWEATER": 0.9929177761077881,
      "SHIRT": 0.9965406060218811,
      "SWIMWEAR": 0.9998393058776855,
      "UNDERWEAR": 0.9970654845237732
    }
  },
  "otto": {
    "otto": {
      "SWEATER": 0.9932993650436401,
      "PANTS": 0.977764368057251,
      "SNEAKERS": 0.999751627445221,
      "LINEN": 0.9937035441398621,
      "SHOES": 0.9815818071365356,
      "SWIMWEAR": 0.9996758699417114,
      "HEADSET": 0.9982544779777527,
      "STOVE": 0.9998981952667236,
      "SHIRT": 0.9471064209938049,
      "JEANS": 0.9994378685951233,
      "TOP": 0.9493990540504456,
      "UNDERWEAR": 0.9776411652565002,
      "JACKET": 0.9968029260635376,
      "FREEZER": 0.9640281796455383,
      "COOKER_HOOD": 0.9983499050140381,
      "DRESS": 0.9999613761901855,
      "BLOUSE": 0.8849452137947083,
      "TOWEL": 0.9980631470680237,
      "OVEN": 0.9993563294410706,
      "SKIRT": 0.9948185086250305,
      "TABLET": 0.9996800422668457,
      "LAPTOP": 0.9990150928497314,
      "OVERALL": 0.9832374453544617,
      "NIGHTWEAR": 0.7734960317611694,
      "DRYER": 0.9997568726539612,
      "SOCKS": 0.9997637867927551,
      "BACKPACK": 0.9999481439590454,
      "HEADPHONES": 0.9662672877311707,
      "TV": 0.9984917640686035,
      "TSHIRT": 0.794234037399292,
      "SUIT": 0.996038556098938,
      "FRIDGE": 0.9979187846183777,
      "SHORTS": 0.9970826506614685,
      "BAG": 0.9996936321258545,
      "DISHWASHER": 0.9977204203605652,
      "TRACKSUIT": 0.9720233082771301,
      "SMARTPHONE": 0.9997901320457458,
      "WASHER": 0.9997636675834656
    }
  },
  "amazon": {
    "amazon": {
      "WASHER": 0.9913108348846436,
      "SMARTPHONE": 0.9986334443092346,
      "DISHWASHER": 0.9880101084709167,
      "TSHIRT": 0.805529773235321,
      "NIGHTWEAR": 0.990361213684082,
      "SWEATER": 0.9375791549682617,
      "HEADPHONES": 0.9974424839019775,
      "SWIMWEAR": 0.9948668479919434,
      "TRACKSUIT": 0.9450790882110596,
      "UNDERWEAR": 0.9808837175369263,
      "TABLET": 0.9983148574829102,
      "SOCKS": 0.9999260902404785,
      "OVERALL": 0.9709432721138,
      "SKIRT": 0.9998927116394043,
      "DRESS": 0.9992350339889526,
      "LAPTOP": 0.964927613735199,
      "HEADSET": 0.994445264339447,
      "JEANS": 0.9732605814933777,
      "SHIRT": 0.9714046120643616,
      "PRINTER": 0.9747772216796875,
      "SHORTS": 0.8387471437454224,
      "FRIDGE": 0.9870004653930664,
      "BLOUSE": 0.9051511883735657,
      "PANTS": 0.9758782982826233,
      "JACKET": 0.9759246110916138,
      "SMARTWATCH": 0.9996055960655212,
      "TV": 0.9997429251670837,
      "TOP": 0.8098217844963074,
      "BACKPACK": 0.9998714923858643
    }
  },
  "eleclerc": {
    "eleclerc": {
      "OVEN": 0.9984959363937378,
      "FRIDGE": 0.9996230602264404,
      "PRINTER": 0.9994906187057495,
      "DRYER": 0.9996781349182129,
      "TV": 0.9997929930686951,
      "STOVE": 0.9996671676635742,
      "LAPTOP": 0.998016357421875,
      "TABLET": 0.9995427131652832,
      "SMARTPHONE": 0.9998149275779724,
      "FREEZER": 0.9959239959716797,
      "DISHWASHER": 0.9994489550590515
    }
  },
  "AmazonPQA": {
    "AmazonPQA": {
      "DESKTOP_PC": 0.9992119073867798,
      "LAPTOP": 0.995112955570221,
      "TV": 0.9999148845672607,
      "GAMECONSOLE": 0.9904212951660156,
      "SMARTWATCH": 0.9995673298835754,
      "TABLET": 0.9844397306442261,
      "LINEN": 0.9999905824661255,
      "HEADSET": 0.9985460042953491,
      "MONITOR": 0.9998725652694702,
      "SNEAKERS": 0.9996114373207092,
      "PRINTER": 0.9999561309814453,
      "HEADPHONES": 0.975155770778656
    }
  }
}